pdb_id,chain,position,wild_type,mutant,ddg
1A2P,A,35,H,A,3.10
1A2P,A,102,Y,A,2.40
1A2P,A,27,L,A,4.20
1A2P,A,73,L,A,3.80
1A2P,A,88,I,A,2.90
2LZM,A,3,M,A,1.50
2LZM,A,99,L,A,5.10
2LZM,A,133,F,A,2.80
2LZM,A,153,T,A,1.20
2LZM,A,157,V,A,3.40
1STN,A,66,L,A,4.60
1STN,A,72,V,A,3.20
1STN,A,92,I,A,2.70
1STN,A,99,L,A,3.90
1STN,A,104,V,A,2.10
2CI2,I,16,L,A,4.10
2CI2,I,20,V,A,2.50
2CI2,I,49,I,A,3.30
2CI2,I,57,L,A,4.50
1RNH,A,10,V,A,2.80
1RNH,A,43,L,A,3.60
1RNH,A,75,I,A,2.40
1RNH,A,95,V,A,1.90
4PTI,A,22,F,A,3.80
4PTI,A,33,Y,A,2.60
4PTI,A,45,F,A,4.20
1UBQ,A,3,I,A,2.50
1UBQ,A,5,V,A,1.80
1UBQ,A,13,I,A,3.10
1UBQ,A,23,I,A,2.70
1UBQ,A,30,I,A,2.90
1UBQ,A,36,I,A,3.40
1UBQ,A,44,I,A,2.60
1UBQ,A,61,I,A,2.30
1SHG,A,7,L,A,3.20
1SHG,A,34,V,A,2.10
1SHG,A,53,L,A,3.80
1MBN,A,29,L,A,4.10
1MBN,A,32,L,A,3.50
1MBN,A,69,L,A,2.80
1MBN,A,72,V,A,2.40
1MBN,A,89,L,A,3.90
1A2P,A,54,D,K,5.20
1A2P,A,82,K,D,4.80
2LZM,A,38,D,N,1.10
2LZM,A,70,K,E,0.80
2LZM,A,3,M,L,-0.50
1STN,A,128,G,A,-0.80
2CI2,I,40,S,A,-0.40
1A2P,A,85,A,G,0.30
2LZM,A,96,V,I,0.20
1UBQ,A,61,I,L,0.10
