sequence,length,mic_pred,mic_ug_ml,selectivity_index,pathogen_activity,commensal_sparing,toxicity_pred,confidence,net_charge,hydrophobicity
CVTFYKTKTFFKLVTFFKFVRTFVRTVKKTF,31,0.4348,2.7216,1.4,0.12,0.168,0.0,Medium,8,0.358
RLKKTFFTVVTFTVFTKKTF,20,0.0742,1.1864,0.9333,0.45,0.42,0.0,Medium,5,0.305
CVTNFPFFKFVRTVKKTF,18,0.0438,1.106,0.75,0.56,0.42,0.0,Low,4,0.317
CVTNFPFFKFVRTVKKTF,18,0.0438,1.106,0.75,0.56,0.42,0.0,Low,4,0.317
CVTNFPFFKFVRTVKKTF,18,0.0438,1.106,0.75,0.56,0.42,0.0,Low,4,0.317
CVTNFPFFKFVRTVKKTF,18,0.0438,1.106,0.75,0.56,0.42,0.0,Low,4,0.317
CVVKTFFKTFFRKIVKTVKKTF,22,0.3418,2.1971,0.7304,0.23,0.168,0.0,Medium,7,0.323
CVVKTFFKTFFRKIVKTVKKTF,22,0.3418,2.1971,0.7304,0.23,0.168,0.0,Medium,7,0.323
CVVKTFFKTFFRKIVKTVKKTF,22,0.3418,2.1971,0.7304,0.23,0.168,0.0,Medium,7,0.323
CVVKTFFKTFFRKIVKTVKKTF,22,0.3418,2.1971,0.7304,0.23,0.168,0.0,Medium,7,0.323
CVVKTFFKTFFRKIVKTVKKTF,22,0.3418,2.1971,0.7304,0.23,0.168,0.0,Medium,7,0.323
CVVKTFFKTFFRKIVKTVKKTF,22,0.3418,2.1971,0.7304,0.23,0.168,0.0,Medium,7,0.323
CVVKTFFKTFFRKIVKTVKKTF,22,0.3418,2.1971,0.7304,0.23,0.168,0.0,Medium,7,0.323
CVVKTFFKTFFRKIVKTVKKTF,22,0.3418,2.1971,0.7304,0.23,0.168,0.0,Medium,7,0.323
CVVKTFFKTFFRKIVKTVKKTF,22,0.3418,2.1971,0.7304,0.23,0.168,0.0,Medium,7,0.323
CVVKTFFKTFFRKIVKTVKKTF,22,0.3418,2.1971,0.7304,0.23,0.168,0.0,Medium,7,0.323
CVVKTFFKTFFRKIVKTVKKTF,22,0.3418,2.1971,0.7304,0.23,0.168,0.0,Medium,7,0.323
CVTTKTFFKLVPFFKFVRTVKKTF,24,0.203,1.5957,0.4941,0.34,0.168,0.0,Medium,6,0.45
RLKKTFFTVVTFTVFTFTKTF,21,0.0411,1.0992,0.45,0.56,0.252,0.0,Low,4,0.576
RLKKTFFTVVTFTVFTFTKTF,21,0.0411,1.0992,0.45,0.56,0.252,0.0,Low,4,0.576
RLKKTFFTVVTFTVFTFTKTF,21,0.0411,1.0992,0.45,0.56,0.252,0.0,Low,4,0.576
RLKKTFFTVVTFTVFTFTKTF,21,0.0411,1.0992,0.45,0.56,0.252,0.0,Low,4,0.576
RLKKTFFTVVTFTVFTFTKTF,21,0.0411,1.0992,0.45,0.56,0.252,0.0,Low,4,0.576
RLKKTFFTVVTFTVFTFTKTF,21,0.0411,1.0992,0.45,0.56,0.252,0.0,Low,4,0.576
RLKKTFFTVVTFTVFTFTKTF,21,0.0411,1.0992,0.45,0.56,0.252,0.0,Low,4,0.576
RLKKTFFTVVTFTVFTFTKTF,21,0.0411,1.0992,0.45,0.56,0.252,0.0,Low,4,0.576
CATQFFKVVFYKTKTFFTS,19,-0.015,0.966,0.4437,0.9467,0.42,0.0,Low,3,0.347
CLTQYTTFFSIVKTKTF,17,-0.048,0.8955,0.4257,0.9867,0.42,0.0,Low,2,0.382
CLTQYTTFFSIVKTKTF,17,-0.048,0.8955,0.4257,0.9867,0.42,0.0,Low,2,0.382
HLKKTYFTFTVFTFTFFKTKTFVFTFTKTF,30,0.1472,1.4036,0.4253,0.395,0.168,0.0,Medium,5.5,0.307
HLKKTYFTFTVFTFTFFKTKTFVFTFTKTF,30,0.1472,1.4036,0.4253,0.395,0.168,0.0,Medium,5.5,0.307
HLKKTYFTFTVFTFTFFKTKTFVFTFTKTF,30,0.1472,1.4036,0.4253,0.395,0.168,0.0,Medium,5.5,0.307
HLKKTYFTFTVFTFTFFKTKTFVFTFTKTF,30,0.1472,1.4036,0.4253,0.395,0.168,0.0,Medium,5.5,0.307
CLTQYQYKKTFKTYYTTKSKNN,22,-0.0219,0.9508,0.2908,0.8667,0.252,0.0,Low,5,-1.541
RIKTQTNYTCHAFTTKKNS,19,-0.0374,0.9174,0.2842,0.8867,0.252,0.0,Low,4.5,-1.258
RIKTQTNYTCHAFTTKKNS,19,-0.0374,0.9174,0.2842,0.8867,0.252,0.0,Low,4.5,-1.258
RIKTQTNYTCHAFTTKKNS,19,-0.0374,0.9174,0.2842,0.8867,0.252,0.0,Low,4.5,-1.258
RIKTQTNYTCHAFTTKKNS,19,-0.0374,0.9174,0.2842,0.8867,0.252,0.0,Low,4.5,-1.258
RIKTQTFTTKKNS,13,-0.0554,0.8803,0.2779,0.9067,0.252,0.0,Low,4,-1.5
CLKTYYTTKSKNS,13,-0.0763,0.8389,0.2662,0.9467,0.252,0.0,Low,3,-1.169
CLKTYYTTKSKNS,13,-0.0763,0.8389,0.2662,0.9467,0.252,0.0,Low,3,-1.169
CLKTYYTTKSKNS,13,-0.0763,0.8389,0.2662,0.9467,0.252,0.0,Low,3,-1.169
CLKTYYTTKSKNS,13,-0.0763,0.8389,0.2662,0.9467,0.252,0.0,Low,3,-1.169
CLTQYTYTTKSKNS,14,-0.0865,0.8195,0.2554,0.9867,0.252,0.0,Low,2,-1.107
CLTQYTYTTKSKNS,14,-0.0865,0.8195,0.2554,0.9867,0.252,0.0,Low,2,-1.107
CLTQYTYTTKSKNS,14,-0.0865,0.8195,0.2554,0.9867,0.252,0.0,Low,2,-1.107
CLTQYTYTTKSKNS,14,-0.0865,0.8195,0.2554,0.9867,0.252,0.0,Low,2,-1.107
CLTQYQYNNCD,11,-0.0895,0.8138,0.0,1.0667,-0.0,0.0,Low,-1,-1.091
CLTQYQYNNCD,11,-0.0895,0.8138,0.0,1.0667,-0.0,0.0,Low,-1,-1.091
RLKKTFVFFKFVRTVKTKTFFKLVTFFKFVR,31,0.5639,3.6637,0.0,0.1,-0.0,0.0,Medium,10,0.306
RLKKTFKTYYTTKSKNN,17,0.0114,1.0265,0.0,0.8267,-0.0,0.0,Low,6,-1.8
RLKKTFKTYYTTKSKNN,17,0.0114,1.0265,0.0,0.8267,-0.0,0.0,Low,6,-1.8
RLKKTFKTYYTTKSKNN,17,0.0114,1.0265,0.0,0.8267,-0.0,0.0,Low,6,-1.8
RLKKTFKTYYTTKSKNN,17,0.0114,1.0265,0.0,0.8267,-0.0,0.0,Low,6,-1.8
RLKKTFKTYYTTKSKNN,17,0.0114,1.0265,0.0,0.8267,-0.0,0.0,Low,6,-1.8
RLKKTFKTYYTTKSKNN,17,0.0114,1.0265,0.0,0.8267,-0.0,0.0,Low,6,-1.8
RLKKTFKTYYTTKSKNN,17,0.0114,1.0265,0.0,0.8267,-0.0,0.0,Low,6,-1.8
RLKKTQTNYTCHAFTTKKNS,20,-0.0187,0.9578,0.0,0.8467,-0.0,0.0,Low,5.5,-1.425
RLKKTQTNYTCHAFTTKKNS,20,-0.0187,0.9578,0.0,0.8467,-0.0,0.0,Low,5.5,-1.425
RLKKTQTNYTCHAFTTKKNS,20,-0.0187,0.9578,0.0,0.8467,-0.0,0.0,Low,5.5,-1.425
