sequence,length,mic_pred,mic_ug_ml,pathogen_score,toxicity_pred,stability_score,confidence,net_charge,hydrophobicity,cationic_ratio
QCCANNCCNNAGS,13,-0.0928,0.8076,1.1078,0.0,0.9077,Low,0,-0.392,0.0
QCCANNGGS,9,-0.0926,0.8079,1.5079,0.0,0.9222,Low,0,-0.589,0.0
QCCANNGANAGS,12,-0.0916,0.8099,1.1744,0.0,0.9417,Low,0,-0.433,0.0
QCCCCNNAGS,10,-0.091,0.811,0.6321,0.0,0.68,Low,0,0.01,0.0
NTCWTCAQSGAGS,13,-0.0904,0.812,0.8876,0.1538,0.9538,Low,0,-0.238,0.0
QCCANNGACS,10,-0.0903,0.8123,0.6916,0.0,0.9,Low,0,-0.06,0.0
QKCAQTGGS,9,-0.0894,0.814,2.0948,0.0,0.9667,Low,1,-0.989,0.111
QKCAQTGGS,9,-0.0894,0.814,2.0948,0.0,0.9667,Low,1,-0.989,0.111
QCCCCNAGS,9,-0.0885,0.8156,0.53,0.0,0.6667,Low,0,0.4,0.0
QCCCCNAGS,9,-0.0885,0.8156,0.53,0.0,0.6667,Low,0,0.4,0.0
QKCAQTGAGS,10,-0.0877,0.8172,1.3521,0.0,0.97,Low,1,-0.71,0.1
QCCCCNNAQNLGACS,15,-0.0867,0.819,0.5824,0.0,0.7,Low,0,0.08,0.0
KCTGCCNAGS,10,-0.0859,0.8205,0.3136,0.0,0.91,Low,1,-0.04,0.1
QKCAQTGAGAGQ,12,-0.0818,0.8283,1.3372,0.0,0.975,Low,1,-0.7,0.083
QKCCCACCNAGS,12,-0.0811,0.8297,0.1317,0.0,0.775,Low,1,0.333,0.083
QKCCCACCNAGS,12,-0.0811,0.8297,0.1317,0.0,0.775,Low,1,0.333,0.083
QKCCCACCCGGS,12,-0.0787,0.8342,0.0697,0.0,0.65,Low,1,0.65,0.083
NKCCCAAGGS,10,-0.076,0.8395,0.1561,0.0,0.81,Low,1,0.21,0.1
QKCCCASNLGACS,13,-0.0748,0.8417,0.1332,0.0,0.8077,Low,1,0.346,0.077
NKCWTVNAGS,10,-0.0699,0.8513,0.9664,0.2,0.97,Low,1,-0.52,0.1
QKKNNAGS,8,-0.0686,0.8539,6.9252,0.0,1.0,Low,2,-2.212,0.25
QKCAQTGWTVGFCAGS,16,-0.0685,0.8541,0.2784,0.125,0.9625,Low,1,0.025,0.062
TKCMAFNAKCCGGS,14,-0.0664,0.8581,0.0655,0.0,0.9,Low,2,0.157,0.143
FKTVGCWTCAQSGAGS,16,-0.0624,0.8661,0.1804,0.125,0.9625,Low,1,0.194,0.062
TKCWTVGFCAGS,12,-0.0605,0.87,0.0672,0.1667,0.95,Low,1,0.5,0.083
KCTCWTVGFCAPS,13,-0.0574,0.8762,0.0703,0.1538,0.9308,Low,1,0.562,0.077
NKCCCAAAGS,10,-0.0573,0.8764,0.06,0.0,0.71,Low,1,0.43,0.1
TKCWTVGYCALNTGAGQ,17,-0.0532,0.8847,0.2906,0.1176,0.9647,Low,1,0.012,0.059
FKTVGWCGS,9,-0.0472,0.8969,0.1836,0.2222,0.9667,Low,1,0.267,0.111
TKCWTVVGCMAFNAKCCGGS,20,-0.037,0.9183,0.0,0.1,0.915,Low,2,0.555,0.1
QCGAGATVGWCGLCGAAGQ,19,-0.0349,0.9229,0.4202,0.1053,0.9526,Low,0,0.616,0.0
FKTVGCMAFNAKCCGCAQTGGS,22,-0.0342,0.9242,0.024,0.0,0.9227,Low,2,0.386,0.091
FHWVCFNAKCCGGS,14,-0.0309,0.9313,0.0,0.1429,0.9357,Low,1.5,0.429,0.143
FHWVCFNAKCCGNAGS,16,-0.0283,0.9369,0.0535,0.125,0.9437,Low,1.5,0.269,0.125
FKTVGCMAFNAKCCGGS,17,-0.0279,0.9377,0.0,0.0,0.9176,Low,2,0.518,0.118
FKTVGWCAGS,10,-0.0266,0.9406,0.06,0.2,0.97,Low,1,0.42,0.1
FKTVGWCGAAGS,12,-0.0249,0.9443,0.0672,0.1667,0.975,Low,1,0.467,0.083
FKTVGWAGS,9,-0.0201,0.9548,0.2104,0.2222,1.0,Low,1,0.189,0.111
FHWVCFNAKCCGAGS,15,-0.0142,0.9677,0.0,0.1333,0.94,Low,1.5,0.52,0.133
FKTVGWCAAGS,11,-0.0035,0.9919,0.0638,0.1818,0.9727,Low,1,0.545,0.091
FKNLPATVGCMAFNAKCCGGS,21,-0.0017,0.996,0.0,0.0,0.9333,Low,2,0.443,0.095
FKTVGVGWAGS,11,0.0135,1.0315,0.0638,0.1818,1.0,Low,1,0.5,0.091
FKTVGWCGLGAAGQ,14,0.0164,1.0385,0.0731,0.1429,0.9786,Low,1,0.45,0.071
FKCAQAARVGVCWTCCAQAGS,21,0.0277,1.0658,0.0,0.0952,0.9429,Low,2,0.552,0.095
FKCAQAARVGVCWTCCAQAGS,21,0.0277,1.0658,0.0,0.0952,0.9429,Low,2,0.552,0.095
FKKNLGANLCWTVGFCAPS,19,0.0614,1.1518,0.0219,0.1053,0.9684,Low,2,0.337,0.105
FKTVGKVVWTVLANNGANAGS,21,0.0755,1.1899,0.0329,0.0952,0.9952,Low,2,0.295,0.095
FKTVGCAQAARVVGWAGS,18,0.0971,1.2504,0.0,0.1111,0.9833,Low,2,0.533,0.111
FKTVGCAQAARVGVLNAGS,19,0.1074,1.2807,0.0,0.0,0.9842,Low,2,0.568,0.105
QKKWTVGLGLVAGS,14,0.163,1.4556,0.0437,0.1429,1.0,Low,2,0.207,0.143
KLAKVVWTVLANNGANAGS,19,0.2031,1.5961,0.026,0.1053,0.9947,Low,2,0.311,0.105
FKTVGWCNLPARVGVLQAAGS,21,0.2347,1.7166,0.0,0.0952,0.9857,Medium,2,0.49,0.095
FKTLGLTVGLGLVAGS,16,0.2473,1.7673,0.5419,0.0,1.0,Low,1,1.281,0.062
FKNLPARVGVLQAAGS,16,0.2842,1.9238,0.0138,0.0,1.0,Low,2,0.35,0.125
FKNLPARVGVLQAAGS,16,0.2842,1.9238,0.0138,0.0,1.0,Low,2,0.35,0.125
FKNLPARVGVLGAAGQ,16,0.3333,2.1545,0.0119,0.0,1.0,Medium,2,0.375,0.125
FKNLPARVGVLGAAGQ,16,0.3333,2.1545,0.0119,0.0,1.0,Medium,2,0.375,0.125
QKCRKWTVGLGLTVGLGLVAGS,22,0.4789,3.0126,0.0,0.0909,0.9864,Medium,3,0.509,0.136
QKCRKWTVGLGLTVGLGLVAGS,22,0.4789,3.0126,0.0,0.0909,0.9864,Medium,3,0.509,0.136
FKRVGVLGAAGQ,12,0.5577,3.6117,0.0,0.0,1.0,Low,2,0.458,0.167
